Feature Set,F1-Score
"[3]",0.95536
"[3, 2]",0.97775
"[3, 2, 0]",0.97775
"[3, 2, 0, 1]",0.97775
