Feature Set,F1-Score
"[3]",0.79798
"[3, 2]",0.86111
"[3, 2, 0]",0.86111
"[3, 2, 0, 1]",0.86111
