Feature Set,F1-Score
"[3]",0.86667
"[3, 2]",0.93266
"[3, 2, 0]",0.86667
"[3, 2, 0, 1]",0.86667
