Feature Set,F1-Score
"[3]",0.79798
"[3, 2]",1.00000
"[3, 2, 0]",1.00000
"[3, 2, 0, 1]",0.93266
