Feature Set,F1-Score
"[2]",0.93266
"[2, 3]",0.93266
"[2, 3, 0]",0.93266
"[2, 3, 0, 1]",0.93266
