Feature Set,F1-Score
"[2]",0.93266
"[2, 3]",1.00000
"[2, 3, 0]",1.00000
"[2, 3, 0, 1]",1.00000
