Feature Set,F1-Score
"[3]",0.72222
"[3, 2]",1.00000
"[3, 2, 0]",0.93266
"[3, 2, 0, 1]",0.93266
