Feature Set,F1-Score
"[3]",0.66330
"[3, 2]",1.00000
"[3, 2, 0]",1.00000
"[3, 2, 0, 1]",1.00000
