Feature Set,F1-Score
"[3]",0.14815
"[3, 2]",0.14815
"[3, 2, 0]",0.14815
"[3, 2, 0, 1]",0.14815
