Feature Set,F1-Score
"[2]",0.14815
"[2, 3]",0.14815
"[2, 3, 0]",0.14815
"[2, 3, 0, 1]",0.14815
