Feature Set,F1-Score
"[2]",0.80000
"[2, 3]",0.80000
"[2, 3, 0]",0.80000
"[2, 3, 0, 1]",0.80000
